{
    "opstilling": [
        20,
        21,
        22,
        23,
        24,
        25,
        26,
        27,
        28,
        29,
        30,
        31,
        32,
        33,
        34,
        35,
        36,
        37,
        38,
        39,
        40,
        41,
        42,
        43,
        44,
        45,
        46,
        47,
        48,
        49,
        50,
        51,
        52,
        53,
        54,
        55,
        56,
        57,
        58,
        59,
        60,
        61,
        62,
        63,
        64,
        65,
        66,
        67,
        68,
        69,
        70,
        71,
        72,
        73,
        74,
        75,
        76,
        77,
        78,
        79,
        80,
        81,
        82,
        83,
        84,
        85,
        86,
        87,
        88,
        89,
        90,
        91,
        92,
        93,
        94,
        95,
        96,
        97,
        98,
        99,
        100,
        101,
        102,
        103,
        104,
        105,
        106,
        107,
        108,
        109,
        110,
        111
    ],
    "Color": [
        [
            0.6585869112130054,
            0,
            0.34141308878699456,
            1
        ],
        [
            0.682323763715617,
            0,
            0.31767623628438296,
            1
        ],
        [
            0.6669630054488098,
            0,
            0.3330369945511901,
            1
        ],
        [
            0.6862232150730431,
            0,
            0.3137767849269569,
            1
        ],
        [
            0.8271167867829898,
            0,
            0.17288321321701017,
            1
        ],
        [
            0.7673391964131747,
            0,
            0.2326608035868253,
            1
        ],
        [
            0.7022330350160744,
            0,
            0.29776696498392563,
            1
        ],
        [
            0.689272503082614,
            0,
            0.31072749691738594,
            1
        ],
        [
            0.7395924055042675,
            0,
            0.2604075944957325,
            1
        ],
        [
            0.6297993411200958,
            0,
            0.37020065887990417,
            1
        ],
        [
            0.6023167248492542,
            0,
            0.3976832751507458,
            1
        ],
        [
            0.5191309701820741,
            0,
            0.48086902981792595,
            1
        ],
        [
            0.4051193699237017,
            0,
            0.5948806300762983,
            1
        ],
        [
            0.5167617479268365,
            0,
            0.48323825207316357,
            1
        ],
        [
            0.6225910201981217,
            0,
            0.3774089798018783,
            1
        ],
        [
            0.618590879182062,
            0,
            0.38140912081793793,
            1
        ],
        [
            0.6053305826373407,
            0,
            0.3946694173626593,
            1
        ],
        [
            0.5984999475506136,
            0,
            0.40150005244938636,
            1
        ],
        [
            0.5973376904224134,
            0,
            0.40266230957758664,
            1
        ],
        [
            0.5812646482039509,
            0,
            0.41873535179604915,
            1
        ],
        [
            0.5368399135934206,
            0,
            0.4631600864065794,
            1
        ],
        [
            0.41428501276762913,
            0,
            0.5857149872323708,
            1
        ],
        [
            0.4783006175181978,
            0,
            0.5216993824818021,
            1
        ],
        [
            0.49508869363395225,
            0,
            0.5049113063660478,
            1
        ],
        [
            0.5053057002758198,
            0,
            0.4946942997241802,
            1
        ],
        [
            0.43927418887321495,
            0,
            0.5607258111267851,
            1
        ],
        [
            0.5561163181927421,
            0,
            0.44388368180725785,
            1
        ],
        [
            0.5133719111667188,
            0,
            0.4866280888332812,
            1
        ],
        [
            0.5551069358384969,
            0,
            0.4448930641615031,
            1
        ],
        [
            0.5185068183014795,
            0,
            0.4814931816985205,
            1
        ],
        [
            0.5527852727210629,
            0,
            0.44721472727893713,
            1
        ],
        [
            0.5274810342158229,
            0,
            0.4725189657841771,
            1
        ],
        [
            0.4662510748065348,
            0,
            0.5337489251934652,
            1
        ],
        [
            0.49685636272185096,
            0,
            0.503143637278149,
            1
        ],
        [
            0.42201569046982257,
            0,
            0.5779843095301774,
            1
        ],
        [
            0.5400359712230216,
            0,
            0.4599640287769784,
            1
        ],
        [
            0.5102872229050025,
            0,
            0.4897127770949975,
            1
        ],
        [
            0.4826925681558733,
            0,
            0.5173074318441266,
            1
        ],
        [
            0.49008147360963517,
            0,
            0.5099185263903648,
            1
        ],
        [
            0.48147840013311427,
            0,
            0.5185215998668857,
            1
        ],
        [
            0.6384698024195432,
            0,
            0.3615301975804568,
            1
        ],
        [
            0.5650460620906331,
            0,
            0.4349539379093669,
            1
        ],
        [
            0.5345741128278196,
            0,
            0.4654258871721804,
            1
        ],
        [
            0.4910184257189114,
            0,
            0.5089815742810886,
            1
        ],
        [
            0.4802640658784561,
            0,
            0.519735934121544,
            1
        ],
        [
            0.5259081948746832,
            0,
            0.4740918051253168,
            1
        ],
        [
            0.5645186012393527,
            0,
            0.4354813987606473,
            1
        ],
        [
            0.4955496095669743,
            0,
            0.5044503904330258,
            1
        ],
        [
            0.44703465523401215,
            0,
            0.5529653447659878,
            1
        ],
        [
            0.3920167944718197,
            0,
            0.6079832055281803,
            1
        ],
        [
            0.37722870848040546,
            0,
            0.6227712915195945,
            1
        ],
        [
            0.5209277945223431,
            0,
            0.47907220547765694,
            1
        ],
        [
            0.4211148898417862,
            0,
            0.5788851101582138,
            1
        ],
        [
            0.35022541051038203,
            0,
            0.649774589489618,
            1
        ],
        [
            0.37352539728965584,
            0,
            0.6264746027103442,
            1
        ],
        [
            0.41590186818735336,
            0,
            0.5840981318126467,
            1
        ],
        [
            0.4608980329071769,
            0,
            0.5391019670928231,
            1
        ],
        [
            0.49565585239660276,
            0,
            0.5043441476033972,
            1
        ],
        [
            0.4422483719867474,
            0,
            0.5577516280132526,
            1
        ],
        [
            0.4333456860829431,
            0,
            0.5666543139170569,
