{
    "20": {
        "Red": 0.6585869112130054,
        "Blue": 0.34141308878699456,
        "Result": -15218,
        "Hex_color": "#a70057"
    },
    "21": {
        "Red": 0.682323763715617,
        "Blue": 0.31767623628438296,
        "Result": -14556,
        "Hex_color": "#ad0051"
    },
    "22": {
        "Red": 0.6669630054488098,
        "Blue": 0.3330369945511901,
        "Result": -11644,
        "Hex_color": "#aa0054"
    },
    "23": {
        "Red": 0.6862232150730431,
        "Blue": 0.3137767849269569,
        "Result": -12671,
        "Hex_color": "#ae0050"
    },
    "24": {
        "Red": 0.8271167867829898,
        "Blue": 0.17288321321701017,
        "Result": -31046,
        "Hex_color": "#d2002c"
    },
    "25": {
        "Red": 0.7673391964131747,
        "Blue": 0.2326608035868253,
        "Result": -15503,
        "Hex_color": "#c3003b"
    },
    "26": {
        "Red": 0.7022330350160744,
        "Blue": 0.29776696498392563,
        "Result": -18620,
        "Hex_color": "#b3004b"
    },
    "27": {
        "Red": 0.689272503082614,
        "Blue": 0.31072749691738594,
        "Result": -12280,
        "Hex_color": "#af004f"
    },
    "28": {
        "Red": 0.7395924055042675,
        "Blue": 0.2604075944957325,
        "Result": -19257,
        "Hex_color": "#bc0042"
    },
    "29": {
        "Red": 0.6297993411200958,
        "Blue": 0.37020065887990417,
        "Result": -8668,
        "Hex_color": "#a0005e"
    },
    "30": {
        "Red": 0.6023167248492542,
        "Blue": 0.3976832751507458,
        "Result": -6448,
        "Hex_color": "#990065"
    },
    "31": {
        "Red": 0.5191309701820741,
        "Blue": 0.48086902981792595,
        "Result": -1305,
        "Hex_color": "#84007a"
    },
    "32": {
        "Red": 0.4051193699237017,
        "Blue": 0.5948806300762983,
        "Result": 8481,
        "Hex_color": "#670097"
    },
    "33": {
        "Red": 0.5167617479268365,
        "Blue": 0.48323825207316357,
        "Result": -1140,
        "Hex_color": "#83007b"
    },
    "34": {
        "Red": 0.6225910201981217,
        "Blue": 0.3774089798018783,
        "Result": -9529,
        "Hex_color": "#9e0060"
    },
    "35": {
        "Red": 0.618590879182062,
        "Blue": 0.38140912081793793,
        "Result": -9372,
        "Hex_color": "#9d0061"
    },
    "36": {
        "Red": 0.6053305826373407,
        "Blue": 0.3946694173626593,
        "Result": -6331,
        "Hex_color": "#9a0064"
    },
    "37": {
        "Red": 0.5984999475506136,
        "Blue": 0.40150005244938636,
        "Result": -7512,
        "Hex_color": "#980066"
    },
    "38": {
        "Red": 0.5973376904224134,
        "Blue": 0.40266230957758664,
        "Result": -8102,
        "Hex_color": "#980066"
    },
    "39": {
        "Red": 0.5812646482039509,
        "Blue": 0.41873535179604915,
        "Result": -6796,
        "Hex_color": "#94006a"
    },
    "40": {
        "Red": 0.5368399135934206,
        "Blue": 0.4631600864065794,
        "Result": -2831,
        "Hex_color": "#880076"
    },
    "41": {
        "Red": 0.41428501276762913,
        "Blue": 0.5857149872323708,
        "Result": 6982,
        "Hex_color": "#690095"
    },
    "42": {
        "Red": 0.4783006175181978,
        "Blue": 0.5216993824818021,
        "Result": 2516,
        "Hex_color": "#790085"
    },
    "43": {
        "Red": 0.49508869363395225,
        "Blue": 0.5049113063660478,
        "Result": 474,
        "Hex_color": "#7e0080"
    },
    "44": {
        "Red": 0.5053057002758198,
        "Blue": 0.4946942997241802,
        "Result": -554,
        "Hex_color": "#80007e"
    },
    "45": {
        "Red": 0.43927418887321495,
        "Blue": 0.5607258111267851,
        "Result": 6285,
        "Hex_color": "#70008e"
    },
    "46": {
        "Red": 0.5561163181927421,
        "Blue": 0.44388368180725785,
        "Result": -1401,
        "Hex_color": "#8d0071"
    },
    "47": {
        "Red": 0.5133719111667188,
        "Blue": 0.4866280888332812,
        "Result": -342,
        "Hex_color": "#82007c"
    },
    "48": {
        "Red": 0.5551069358384969,
        "Blue": 0.4448930641615031,
        "Result": -2757,
        "Hex_color": "#8d0071"
    },
    "49": {
        "Red": 0.5185068183014795,
        "Blue": 0.4814931816985205,
        "Result": -1406,
        "Hex_color": "#84007a"
    },
    "50": {
        "Red": 0.5527852727210629,
        "Blue": 0.44721472727893713,
        "Result": -3091,
        "Hex_color": "#8c0072"
    },
    "51": {
        "Red": 0.5274810342158229,
        "Blue": 0.4725189657841771,
        "Result": -2840,
        "Hex_color": "#860078"
    },
    "52": {
        "Red": 0.4662510748065348,
        "Blue": 0.5337489251934652,
        "Result": 2512,
        "Hex_color": "#760088"
    },
    "53": {
        "Red": 0.49685636272185096,
        "Blue": 0.503143637278149,
        "Result": 350,
        "Hex_color": "#7e0080"
    },
    "54": {
        "Red": 0.42201569046982257,
        "Blue": 0.5779843095301774,
        "Result": 6998,
        "Hex_color": "#6b0093"
    },
    "55": {
        "Red": 0.5400359712230216,
        "Blue": 0.4599640287769784,
        "Result": -4452,
        "Hex_color": "#890075"
    },
    "56": {
        "Red": 0.5102872229050025,
        "Blue": 0.4897127770949975,
        "Result": -904,
        "Hex_color": "#82007c"
    },
    "57": {
        "Red": 0.4826925681558733,
        "Blue": 0.5173074318441266,
        "Result": 1789,
        "Hex_color": "#7b0083"
    },
    "58": {
        "Red": 0.49008147360963517,
        "Blue": 0.5099185263903648,
        "Result": 784,
        "Hex_color": "#7c0082"
    },
    "59": {
        "Red": 0.48147840013311427,
        "Blue": 0.5185215998668857,
        "Result": 1781,
        "Hex_color": "#7a0084"
    },
    "60": {
        "Red": 0.6384698024195432,
        "Blue": 0.3615301975804568,
        "Result": -11858,
        "Hex_color": "#a2005c"
    },
    "61": {
        "Red": 0.5650460620906331,
        "Blue": 0.4349539379093669,
        "Result": -4886,
        "Hex_color": "#90006e"
    },
    "62": {
        "Red": 0.5345741128278196,
        "Blue": 0.4654258871721804,
        "Result": -3106,
        "Hex_color": "#880076"
    },
    "63": {
        "Red": 0.4910184257189114,
        "Blue": 0.5089815742810886,
        "Result": 466,
        "Hex_color": "#7d0081"
    },
    "64": {
        "Red": 0.4802640658784561,
        "Blue": 0.519735934121544,
        "Result": 1716,
        "Hex_color": "#7a0084"
    },
    "65": {
        "Red": 0.5259081948746832,
        "Blue": 0.4740918051253168,
        "Result": -1840,
        "Hex_color": "#860078"
    },
    "66": {
        "Red": 0.5645186012393527,
        "Blue": 0.4354813987606473,
        "Result": -5893,
        "Hex_color": "#8f006f"
    },
    "67": {
        "Red": 0.4955496095669743,
        "Blue": 0.5044503904330258,
        "Result": 326,
        "Hex_color": "#7e0080"
    },
    "68": {
        "Red": 0.44703465523401215,
        "Blue": 0.5529653447659878,
        "Result": 4744,
        "Hex_color": "#71008d"
    },
    "69": {
        "Red": 0.3920167944718197,
        "Blue": 0.6079832055281803,
        "Result": 7407,
        "Hex_color": "#63009b"
    },
    "70": {
        "Red": 0.37722870848040546,
        "Blue": 0.6227712915195945,
        "Result": 5426,
        "Hex_color": "#60009e"
    },
    "71": {
        "Red": 0.5209277945223431,
        "Blue": 0.47907220547765694,
        "Result": -1597,
        "Hex_color": "#84007a"
    },
    "72": {
        "Red": 0.4211148898417862,
        "Blue": 0.5788851101582138,
        "Result": 5335,
        "Hex_color": "#6b0093"
    },
    "73": {
        "Red": 0.35022541051038203,
        "Blue": 0.649774589489618,
        "Result": 9103,
        "Hex_color": "#5900a5"
    },
    "74": {
        "Red": 0.37352539728965584,
        "Blue": 0.6264746027103442,
        "Result": 10378,